Title,Link,Date
"Staff Spotlight - Zach DeRossette, Career Coach",/blog/staff-spotlight-zach-derossette,2019-05-22
Student Interview: Lena Ryoo on Company Projects,/blog/student-interview-lena-ryoo,2019-05-15
Debugging Like a Scientist,/blog/debugging-like-a-scientist,2019-04-29
The Benefits of Code Reviews,/blog/benefits-of-code-reviews,2019-03-29
Three More JavaScript Mistakes That Beginners Make,/blog/three-more-js-mistakes-that-beginners-make,2019-03-07
Alumni Spotlight: Miranda Howitt,/blog/alumni-spotlight-miranda,2019-02-12
Alumni Spotlight: Kristen Lingwood,/blog/alumni-spotlight-kristen,2019-02-06
Alumni Spotlight: Tyler Ketron,/blog/alumni-spotlight-tyler,2019-01-30
Avoiding Burnout,/blog/avoiding-burnout,2019-01-09
Student Interview: Sarah + Zac on Company Projects,/blog/student-interview-sarah-zac,2018-12-18
A New Tuition Option: We Make Money Only When You Do,/blog/new-tuition-option,2018-12-11
MongoDB is Easy,/blog/mongodb-is-easy,2018-12-06
Meet The Instructor: Alissa Renz,/blog/meet-the-instructor-alissa-renz,2018-11-14
Error Handling in Express,/blog/error-handling-express,2018-11-05
Four Tips for Moving Faster as a Developer,/blog/developer-productivity,2018-10-16
Five Tips to Manage the Emotional Side of a Coding Program,/blog/five-tips-emotional-management,2018-10-08
Does Emotional Intelligence Get You Paid More in Tech?,/blog/emotional-intelligence,2018-10-03
Post-Outcomes Blog: Top 3 Insights for Job-Seekers,/blog/insights-job-seekers,2018-09-27
"Staff Spotlight - Megan Lane, Operations & Events Associate",/blog/staff-spotlight-megan-lane,2018-09-11
Different Approaches to Using Relational Databases with Express,/blog/different-approaches-express,2018-08-28
The Job Funnel,/blog/the-job-funnel,2018-08-20
Alumni Spotlight: Daniel Szabo,/blog/alumni-spotlight-daniel,2018-08-08
Rithm School Interview FAQs,/blog/rithm-interview-faqs,2018-08-01
BPPE Approval and Outcomes Numbers,/blog/bppe-approval-and-outcomes-numbers,2018-07-25
Whatâ€™s New in Python 3.7: Data Classes,/blog/whats-new-in-python-3-7,2018-07-11
Five Tips for Getting Yourself Unstuck,/blog/five-tips-for-getting-yourself-unstuck,2018-06-22
A Roadmap for Learning How To Code - Part 3,/blog/roadmap-for-learning-how-to-code-03,2018-06-13
Student Interview: Paula + Miranda on Company Projects,/blog/student-interview-paula-miranda,2018-06-05
Five Essential Rules when Job Searching,/blog/five-essential-rules-when-job-searching,2018-05-31
Outcomes: A Preview,/blog/outcomes-a-preview,2018-05-22
The Benefit of Low-Abstraction Frameworks for Scaffolding Learning,/blog/low-abstraction-frameworks,2018-05-16
Are Coding Schools Worth the Cost?,/blog/are-coding-schools-worth-the-cost,2018-04-25
A Roadmap for Learning How To Code - Part 2,/blog/roadmap-for-learning-how-to-code-02,2018-04-10
Meet The Instructor: Joel Burton,/blog/meet-the-instructor-joel-burton,2018-03-27
Alumni Spotlight: Anna-Brit Schlaepfer,/blog/alumni-spotlight-anna-brit,2018-03-19
The Art of Outreach,/blog/the-art-of-outreach,2018-02-28
Intro to VS Code,/blog/vscode,2018-02-20
Debugging Like a Developer,/blog/debugging-like-a-developer,2018-02-06
Student Interview: Allie + Stephen on Company Projects,/blog/student-interview-allie-stephen,2018-01-31
A Roadmap for Learning How To Code - Part 1,/blog/roadmap-for-learning-how-to-code-01,2018-01-24
